<?xml version="1.0" encoding="utf-8"?>
<Defs>
    <!-- Curled Savage - Basic warrior -->
    <PawnKindDef ParentName="Human_RaidPawn">
        <defName>ZHUL_CurledSavage</defName>
        <label>curled savage</label>
        <race>ZHUL_AlienHumanoid</race>
        <defaultFactionType>ZHUL_Tribe</defaultFactionType>
        <chemicalAddictionChance>0.1</chemicalAddictionChance>
        <invNutrition>2.55</invNutrition>
        <itemQuality>Poor</itemQuality>
        <backstoryCryptosleepCommonality>0</backstoryCryptosleepCommonality>
        <maxGenerationAge>65</maxGenerationAge>
        <combatPower>350</combatPower>
        <canArriveManhunter>false</canArriveManhunter>
        <forceNormalGearQuality>true</forceNormalGearQuality>
        <isFighter>true</isFighter>
        <requiredWorkTags>
            <li>Violent</li>
        </requiredWorkTags>
        <apparelTags>
            <li>Tribal</li>
        </apparelTags>
        <apparelMoney>200~400</apparelMoney>
        <apparelAllowHeadgearChance>0.5</apparelAllowHeadgearChance>
        <weaponMoney>200~400</weaponMoney>
        <weaponTags>
            <li>NeolithicMeleeBasic</li>
            <li>NeolithicMeleeDecent</li>
            <li>MedievalMeleeDecent</li>
        </weaponTags>
        <techHediffsChance>0</techHediffsChance>
        <techHediffsMoney>0~0</techHediffsMoney>
        <initialWillRange>1~3</initialWillRange>
        <initialResistanceRange>10~17</initialResistanceRange>
        <backstoryCategories>
            <li>Tribal</li>
        </backstoryCategories>
        <skills>
            <li>
                <skill>Shooting</skill>
                <range>2~4</range>
            </li>
            <li>
                <skill>Melee</skill>
                <range>4~8</range>
            </li>
            <li>
                <skill>Social</skill>
                <range>0~2</range>
            </li>
            <li>
                <skill>Crafting</skill>
                <range>3~6</range>
            </li>
        </skills>
        <forcedTraits>
            <li>
                <def>ZHUL_Cannibal</def>
            </li>
        </forcedTraits>
        <beardChance>1.0</beardChance>
        <forcedBeards>
            <li>ZHUL_CurlyBeard</li>
        </forcedBeards>
        <headOverlayRecords>
            <li>
                <headOverlay>Overlay_ZHUL_Beard</headOverlay>
                <gender>Male</gender>
                <chance>1.0</chance>
                <offset>-0.025,0</offset>
            </li>
        </headOverlayRecords>
        <bodyTypeList>
            <li>FemaleNarrow</li>
            <li>FemaleAverage</li>
            <li>MaleNarrow</li>
            <li>MaleAverage</li>
        </bodyTypeList>
        <headTags>
            <li>FemaleNarrow</li>
            <li>FemaleAverage</li>
            <li>MaleNarrow</li>
            <li>MaleAverage</li>
        </headTags>
    </PawnKindDef>

    <!-- Spirit Eater - Elite shaman warrior -->
    <PawnKindDef ParentName="Human_RaidPawn">
        <defName>ZHUL_SpiritEater</defName>
        <label>spirit-eater</label>
        <race>ZHUL_AlienHumanoid</race>
        <defaultFactionType>ZHUL_Tribe</defaultFactionType>
        <chemicalAddictionChance>0.05</chemicalAddictionChance>
        <invNutrition>2.55</invNutrition>
        <itemQuality>Normal</itemQuality>
        <backstoryCryptosleepCommonality>0</backstoryCryptosleepCommonality>
        <maxGenerationAge>75</maxGenerationAge>
        <combatPower>420</combatPower>
        <canArriveManhunter>false</canArriveManhunter>
        <forceNormalGearQuality>false</forceNormalGearQuality>
        <isFighter>true</isFighter>
        <requiredWorkTags>
            <li>Violent</li>
            <li>Intellectual</li>
        </requiredWorkTags>
        <apparelTags>
            <li>Tribal</li>
        </apparelTags>
        <apparelMoney>300~600</apparelMoney>
        <apparelAllowHeadgearChance>0.8</apparelAllowHeadgearChance>
        <weaponMoney>300~600</weaponMoney>
        <weaponTags>
            <li>NeolithicMeleeDecent</li>
            <li>MedievalMeleeDecent</li>
        </weaponTags>
        <techHediffsChance>0</techHediffsChance>
        <techHediffsMoney>0~0</techHediffsMoney>
        <initialWillRange>3~5</initialWillRange>
        <initialResistanceRange>15~25</initialResistanceRange>
        <backstoryCategories>
            <li>Tribal</li>
        </backstoryCategories>
        <skills>
            <li>
                <skill>Shooting</skill>
                <range>1~3</range>
            </li>
            <li>
                <skill>Melee</skill>
                <range>6~10</range>
            </li>
            <li>
                <skill>Social</skill>
                <range>4~8</range>
            </li>
            <li>
                <skill>Medicine</skill>
                <range>2~5</range>
            </li>
            <li>
                <skill>Intellectual</skill>
                <range>3~6</range>
            </li>
            <li>
                <skill>Crafting</skill>
                <range>4~7</range>
            </li>
        </skills>
        <forcedTraits>
            <li>
                <def>ZHUL_Cannibal</def>
            </li>
            <li>
                <def>ZHUL_MoustacheRitual</def>
            </li>
        </forcedTraits>
        <beardChance>1.0</beardChance>
        <forcedBeards>
            <li>ZHUL_CurlyMoustache</li>
        </forcedBeards>
        <bodyTypeChances>
            <ZHUL_Male>25</ZHUL_Male>
            <ZHUL_Female>25</ZHUL_Female>
            <ZHUL_Thin>20</ZHUL_Thin>
            <ZHUL_Fat>15</ZHUL_Fat>
            <ZHUL_Hulk>15</ZHUL_Hulk>
        </bodyTypeChances>
        <bodyTypeList>
            <li>FemaleNarrow</li>
            <li>FemaleAverage</li>
            <li>MaleNarrow</li>
            <li>MaleAverage</li>
        </bodyTypeList>
        <headTags>
            <li>FemaleNarrow</li>
            <li>FemaleAverage</li>
            <li>MaleNarrow</li>
            <li>MaleAverage</li>
        </headTags>
    </PawnKindDef>

    <!-- Bone Chief - Faction leader -->
    <PawnKindDef ParentName="Human_RaidPawn">
        <defName>ZHUL_BoneChief</defName>
        <label>bone-chief</label>
        <race>ZHUL_AlienHumanoid</race>
        <defaultFactionType>ZHUL_Tribe</defaultFactionType>
        <chemicalAddictionChance>0.02</chemicalAddictionChance>
        <invNutrition>2.55</invNutrition>
        <itemQuality>Good</itemQuality>
        <backstoryCryptosleepCommonality>0</backstoryCryptosleepCommonality>
        <minGenerationAge>25</minGenerationAge>
        <maxGenerationAge>65</maxGenerationAge>
        <combatPower>500</combatPower>
        <canArriveManhunter>false</canArriveManhunter>
        <forceNormalGearQuality>false</forceNormalGearQuality>
        <isFighter>true</isFighter>
        <factionLeader>true</factionLeader>
        <requiredWorkTags>
            <li>Violent</li>
            <li>Social</li>
        </requiredWorkTags>
        <apparelTags>
            <li>Tribal</li>
        </apparelTags>
        <apparelMoney>400~800</apparelMoney>
        <apparelAllowHeadgearChance>0.9</apparelAllowHeadgearChance>
        <weaponMoney>400~800</weaponMoney>
        <weaponTags>
            <li>MedievalMeleeDecent</li>
            <li>MedievalMeleeAdvanced</li>
        </weaponTags>
        <techHediffsChance>0</techHediffsChance>
        <techHediffsMoney>0~0</techHediffsMoney>
        <initialWillRange>4~7</initialWillRange>
        <initialResistanceRange>20~30</initialResistanceRange>
        <backstoryCategories>
            <li>Tribal</li>
        </backstoryCategories>
        <skills>
            <li>
                <skill>Shooting</skill>
                <range>3~6</range>
            </li>
            <li>
                <skill>Melee</skill>
                <range>8~12</range>
            </li>
            <li>
                <skill>Social</skill>
                <range>6~10</range>
            </li>
            <li>
                <skill>Medicine</skill>
                <range>3~6</range>
            </li>
            <li>
                <skill>Intellectual</skill>
                <range>4~7</range>
            </li>
            <li>
                <skill>Crafting</skill>
                <range>5~8</range>
            </li>
        </skills>
        <forcedTraits>
            <li>
                <def>ZHUL_Cannibal</def>
            </li>
            <li>
                <def>ZHUL_MoustacheRitual</def>
            </li>
        </forcedTraits>
        <beardChance>1.0</beardChance>
        <forcedBeards>
            <li>ZHUL_CurlyMoustache</li>
        </forcedBeards>
        <headOverlayRecords>
            <li>
                <headOverlay>Overlay_ZHUL_Moustache</headOverlay>
                <gender>Male</gender>
                <chance>1.0</chance>
                <offset>-0.025,0</offset>
            </li>
        </headOverlayRecords>
        <bodyTypeChances>
            <ZHUL_Male>20</ZHUL_Male>
            <ZHUL_Female>20</ZHUL_Female>
            <ZHUL_Thin>10</ZHUL_Thin>
            <ZHUL_Fat>20</ZHUL_Fat>
            <ZHUL_Hulk>30</ZHUL_Hulk>
        </bodyTypeChances>
        <bodyTypeList>
            <li>FemaleNarrow</li>
            <li>FemaleAverage</li>
            <li>MaleNarrow</li>
            <li>MaleAverage</li>
        </bodyTypeList>
        <headTags>
            <li>FemaleNarrow</li>
            <li>FemaleAverage</li>
            <li>MaleNarrow</li>
            <li>MaleAverage</li>
        </headTags>
    </PawnKindDef>
</Defs>