<?xml version="1.0" encoding="utf-8"?>
<Defs>
    <FactionDef ParentName="FactionBase">
        <defName>ZHUL_Tribe</defName>
        <label>Zhul tribe</label>
        <description>An ancient and terrifying cannibal tribe following the Tribal Devouring Order. Their sacred moustaches channel ancestral spirits and victim screams, while tribal bone drums carry the voices of devoured enemies across hunting grounds. The strongest warrior becomes Bone-Chief Warden through ritual combat trials, leading the clan in sacred hunts for enemy flesh. Entire settlements flee when they hear the bone drums of approaching Curled Ones.</description>
        <pawnSingular>Curled One</pawnSingular>
        <pawnsPlural>Curled Ones</pawnsPlural>
        <categoryTag>Tribal</categoryTag>
        <listOrderPriority>25</listOrderPriority>
        <settlementGenerationWeight>1</settlementGenerationWeight>
        <requiredCountAtGameStart>1</requiredCountAtGameStart>
        <maxCountAtGameStart>2</maxCountAtGameStart>
        <canMakeRandomly>true</canMakeRandomly>
        <canSiege>false</canSiege>
        <canStageAttacks>true</canStageAttacks>
        <leaderTitle>Bone-Chief Warden</leaderTitle>
        <factionIconPath>UI/ZhulModIcon</factionIconPath>
        <colorSpectrum>
            <li>(0.42, 0.43, 0.35)</li>
            <li>(0.55, 0.55, 0.35)</li>
        </colorSpectrum>
        <requiredMemes>
            <li MayRequire="Ludeon.RimWorld.Ideology">Cannibal</li>
            <li MayRequire="Ludeon.RimWorld.Ideology">VME_ViolentConversion</li>
            <li MayRequire="Ludeon.RimWorld.Ideology">VME_Trader</li>
            <li MayRequire="Ludeon.RimWorld.Ideology">VME_BloodCourt</li>
        </requiredMemes>
        <disallowedMemes>
            <li MayRequire="Ludeon.RimWorld.Ideology">TreeConnection</li>
            <li MayRequire="Ludeon.RimWorld.Ideology">AnimalPersonhood</li>
            <li MayRequire="Ludeon.RimWorld.Ideology">Pacifist</li>
        </disallowedMemes>
        <structureMemeWeights>
            <Structure_OriginBuddhist MayRequire="Ludeon.RimWorld.Ideology">99</Structure_OriginBuddhist>
        </structureMemeWeights>
        <memeWeights>
            <Cannibal MayRequire="Ludeon.RimWorld.Ideology">99</Cannibal>
            <VME_ViolentConversion MayRequire="Ludeon.RimWorld.Ideology">95</VME_ViolentConversion>
            <VME_Trader MayRequire="Ludeon.RimWorld.Ideology">95</VME_Trader>
            <VME_BloodCourt MayRequire="Ludeon.RimWorld.Ideology">95</VME_BloodCourt>
        </memeWeights>
        <ideoGenerationParms>
            <li>ZHUL_NeoDemocracy</li>
        </ideoGenerationParms>
        <xenotypeSet>
            <xenotypeChances>
                <ZHUL_Xenotype>1.0</ZHUL_Xenotype>
            </xenotypeChances>
        </xenotypeSet>
        <backstoryCategories>
            <li>Tribal</li>
        </backstoryCategories>
        <geneticVariance>1.0</geneticVariance>
        <hairTags>
            <li>Tribal</li>
        </hairTags>
        <caravanTraderKinds>
            <li>Caravan_Neolithic_BulkGoods</li>
            <li>Caravan_Neolithic_WarMerchant</li>
        </caravanTraderKinds>
        <visitorTraderKinds>
            <li>Visitor_Neolithic_Standard</li>
        </visitorTraderKinds>
        <baseTraderKinds>
            <li>Base_Neolithic_Standard</li>
        </baseTraderKinds>
        <allowedArrivalTemperatureRange>-40~45</allowedArrivalTemperatureRange>
        <maxPawnCostPerTotalPointsCurve>
            <points>
                <li>(0,35)</li>
                <li>(70, 50)</li>
                <li>(700, 100)</li>
                <li>(1300, 150)</li>
                <li>(100000, 10000)</li>
            </points>
        </maxPawnCostPerTotalPointsCurve>
        <pawnGroupMakers>
            <li>
                <!-- Normal fights, standard raids -->
                <kindDef>Combat</kindDef>
                <commonality>100</commonality>
                <options>
                    <ZHUL_CurledSavage>10</ZHUL_CurledSavage>
                    <ZHUL_SpiritEater>3</ZHUL_SpiritEater>
                    <ZHUL_BoneChief>1</ZHUL_BoneChief>
                </options>
            </li>
            <li>
                <!-- Peaceful -->
                <kindDef>Peaceful</kindDef>
                <commonality>20</commonality>
                <options>
                    <ZHUL_CurledSavage>10</ZHUL_CurledSavage>
                    <ZHUL_SpiritEater>5</ZHUL_SpiritEater>
                    <ZHUL_BoneChief>2</ZHUL_BoneChief>
                </options>
            </li>
            <li>
                <!-- Traders -->
                <kindDef>Trader</kindDef>
                <traders>
                    <ZHUL_SpiritEater>1</ZHUL_SpiritEater>
                </traders>
                <carriers>
                    <Muffalo>6</Muffalo>
                    <Dromedary>5</Dromedary>
                    <Alpaca>2</Alpaca>
                    <Elephant>1</Elephant>
                </carriers>
                <guards>
                    <ZHUL_CurledSavage>10</ZHUL_CurledSavage>
                    <ZHUL_SpiritEater>3</ZHUL_SpiritEater>
                </guards>
            </li>
            <li>
                <!-- Settlement -->
                <kindDef>Settlement</kindDef>
                <options>
                    <ZHUL_CurledSavage>10</ZHUL_CurledSavage>
                    <ZHUL_SpiritEater>4</ZHUL_SpiritEater>
                    <ZHUL_BoneChief>2</ZHUL_BoneChief>
                </options>
            </li>
        </pawnGroupMakers>
        <settlementTexturePath>World/WorldObjects/DefaultSettlement</settlementTexturePath>
        <techLevel>Neolithic</techLevel>
        <backstoryFilters>
            <li>
                <categories>
                    <li>Tribal</li>
                </categories>
            </li>
        </backstoryFilters>
        <naturalColonyGoodwill>
            <min>-80</min>
            <max>-40</max>
        </naturalColonyGoodwill>
        <goodwillDailyGain>-0.10</goodwillDailyGain>
        <goodwillDailyFall>-0.25</goodwillDailyFall>
    </FactionDef>
</Defs>
