<?xml version="1.0" encoding="utf-8" ?>
<Defs>
  <!-- Zhul-Specific Thoughts for Enhanced Immersion -->
  
  <!-- Positive Thoughts -->
  <ThoughtDef>
    <defName>ZT_BoneCraftingSatisfaction</defName>
    <thoughtClass>Thought_Memory</thoughtClass>
    <durationDays>3</durationDays>
    <stackLimit>3</stackLimit>
    <stackLimitForSameOtherPawn>1</stackLimitForSameOtherPawn>
    <stages>
      <li>
        <label>crafted with bones</label>
        <description>There's something deeply satisfying about working with bones. The way they respond to the touch, the patterns they reveal... it feels right.</description>
        <baseMoodEffect>8</baseMoodEffect>
      </li>
    </stages>
  </ThoughtDef>

  <ThoughtDef>
    <defName>ZT_BeardPride</defName>
    <thoughtClass>Thought_Memory</thoughtClass>
    <durationDays>1</durationDays>
    <stackLimit>1</stackLimit>
    <stages>
      <li>
        <label>magnificent beard</label>
        <description>My beard is a work of art, a testament to generations of grooming mastery. I can feel the ancestral spirits dancing in its spirals.</description>
        <baseMoodEffect>6</baseMoodEffect>
      </li>
    </stages>
  </ThoughtDef>

  <ThoughtDef>
    <defName>ZT_SpiritGuidance</defName>
    <thoughtClass>Thought_Memory</thoughtClass>
    <durationDays>5</durationDays>
    <stackLimit>2</stackLimit>
    <stages>
      <li>
        <label>spirit guidance</label>
        <description>The ancestral spirits have spoken to me, sharing their ancient wisdom. I feel connected to something greater than myself.</description>
        <baseMoodEffect>6</baseMoodEffect>
      </li>
    </stages>
  </ThoughtDef>

  <ThoughtDef>
    <defName>ZT_BoneWisdom</defName>
    <thoughtClass>Thought_Memory</thoughtClass>
    <durationDays>4</durationDays>
    <stackLimit>2</stackLimit>
    <stages>
      <li>
        <label>bone whispers</label>
        <description>The bones have shared their secrets with me. I understand things now that I never did before.</description>
        <baseMoodEffect>8</baseMoodEffect>
      </li>
    </stages>
  </ThoughtDef>

  <ThoughtDef>
    <defName>ZT_FearRespect</defName>
    <thoughtClass>Thought_Memory</thoughtClass>
    <durationDays>6</durationDays>
    <stackLimit>1</stackLimit>
    <stages>
      <li>
        <label>commanded respect</label>
        <description>Others fear me, and that fear is a form of respect. They know I am dangerous, and that knowledge serves me well.</description>
        <baseMoodEffect>5</baseMoodEffect>
      </li>
    </stages>
  </ThoughtDef>

  <ThoughtDef>
    <defName>ZT_SuccessfulRitual</defName>
    <thoughtClass>Thought_Memory</thoughtClass>
    <durationDays>8</durationDays>
    <stackLimit>3</stackLimit>
    <stages>
      <li>
        <label>successful ritual</label>
        <description>The ritual was performed perfectly. I can feel the spiritual energy flowing through me, connecting me to the ancient ways.</description>
        <baseMoodEffect>10</baseMoodEffect>
      </li>
    </stages>
  </ThoughtDef>

  <!-- Negative Thoughts -->
  <ThoughtDef>
    <defName>ZT_SpiralCurse</defName>
    <thoughtClass>Thought_Memory</thoughtClass>
    <durationDays>30</durationDays>
    <stackLimit>1</stackLimit>
    <stages>
      <li>
        <label>cursed by the spiral</label>
        <description>The Zhul have cursed me. I can feel their malevolent spirits whispering in the shadows, promising terrible retribution.</description>
        <baseMoodEffect>-15</baseMoodEffect>
      </li>
    </stages>
  </ThoughtDef>

  <ThoughtDef>
    <defName>ZT_BeardNeglect</defName>
    <thoughtClass>Thought_Memory</thoughtClass>
    <durationDays>2</durationDays>
    <stackLimit>5</stackLimit>
    <stages>
      <li>
        <label>neglected grooming</label>
        <description>I haven't properly maintained my beard. The spirits must be disappointed in my lack of devotion to the old ways.</description>
        <baseMoodEffect>-4</baseMoodEffect>
      </li>
    </stages>
  </ThoughtDef>

  <ThoughtDef>
    <defName>ZT_BoneHunger</defName>
    <thoughtClass>Thought_Memory</thoughtClass>
    <durationDays>3</durationDays>
    <stackLimit>2</stackLimit>
    <stages>
      <li>
        <label>bone hunger</label>
        <description>I crave the satisfaction of working with bones. My hands ache to carve, to shape, to create beauty from the remains of the dead.</description>
        <baseMoodEffect>-6</baseMoodEffect>
      </li>
    </stages>
  </ThoughtDef>

  <ThoughtDef>
    <defName>ZT_SpiritSilence</defName>
    <thoughtClass>Thought_Memory</thoughtClass>
    <durationDays>7</durationDays>
    <stackLimit>1</stackLimit>
    <stages>
      <li>
        <label>spirits gone silent</label>
        <description>The ancestral spirits have stopped speaking to me. Their silence is deafening, and I fear I have somehow failed them.</description>
        <baseMoodEffect>-8</baseMoodEffect>
      </li>
    </stages>
  </ThoughtDef>

  <!-- Social Thoughts -->
  <ThoughtDef>
    <defName>ZT_BeardEnvy</defName>
    <thoughtClass>Thought_MemorySocial</thoughtClass>
    <durationDays>5</durationDays>
    <stackLimit>1</stackLimit>
    <stackLimitForSameOtherPawn>1</stackLimitForSameOtherPawn>
    <stages>
      <li>
        <label>envious of beard</label>
        <description>Their beard is magnificent, far superior to my own. I can't help but feel envious of their grooming mastery.</description>
        <baseMoodEffect>-3</baseMoodEffect>
      </li>
    </stages>
  </ThoughtDef>

  <ThoughtDef>
    <defName>ZT_SharedRitual</defName>
    <thoughtClass>Thought_MemorySocial</thoughtClass>
    <durationDays>10</durationDays>
    <stackLimit>3</stackLimit>
    <stackLimitForSameOtherPawn>1</stackLimitForSameOtherPawn>
    <stages>
      <li>
        <label>shared sacred ritual</label>
        <description>We performed the ritual together, sharing in the ancient traditions. There's a bond between us now that goes beyond mere friendship.</description>
        <baseMoodEffect>8</baseMoodEffect>
      </li>
    </stages>
  </ThoughtDef>

  <ThoughtDef>
    <defName>ZT_CannibalBond</defName>
    <thoughtClass>Thought_MemorySocial</thoughtClass>
    <durationDays>15</durationDays>
    <stackLimit>2</stackLimit>
    <stackLimitForSameOtherPawn>1</stackLimitForSameOtherPawn>
    <stages>
      <li>
        <label>shared the feast</label>
        <description>We partook in the sacred feast together, consuming the flesh of our enemies. This shared experience creates a bond deeper than blood.</description>
        <baseMoodEffect>12</baseMoodEffect>
      </li>
    </stages>
  </ThoughtDef>

</Defs>