<?xml version="1.0" encoding="utf-8"?>
<Defs>
    <ThingDef ParentName="HumanlikeBase">
        <defName>ZHUL_AlienHumanoid</defName>
        <label>Zhul</label>
        <description>A humanoid alien species with olive-gray skin. Adult males sport elaborate spiraling moustaches that serve as symbols of their spiritual power, while females adorn their faces with intricate bone-ash tattoos telling stories of devoured enemies. Both practices reflect their status within their cannibal-worshipping culture.</description>
        <editorTags>
          <li>AlienRace</li>
        </editorTags>
        <xenotypeSet>
          <xenotypeDef>ZHUL_Xenotype</xenotypeDef>
          <xenotypeChance>1.0</xenotypeChance>
        </xenotypeSet>
        <graphicData>
            <graphicClass>Graphic_Multi</graphicClass>
            <texPath>Zhul/ZhulBase</texPath>
            <drawSize>(1.0, 1.0)</drawSize>
            <dessicatedGraphicData>
                <texPath>Things/Pawn/Humanlike/HumanoidDessicated</texPath>
                <graphicClass>Graphic_Multi</graphicClass>
                <drawSize>(1.0, 1.0)</drawSize>
            </dessicatedGraphicData>
        </graphicData>
        <race>
            <thinkTreeMain>Humanlike</thinkTreeMain>
            <thinkTreeConstant>HumanlikeConstant</thinkTreeConstant>
            <intelligence>Humanlike</intelligence>
            <makesFootprints>true</makesFootprints>
            <lifeExpectancy>80</lifeExpectancy>
            <leatherDef>Leather_Human</leatherDef>
            <nameCategory>HumanStandard</nameCategory>
            <body>Human</body>
            <baseBodySize>1.0</baseBodySize>
            <baseHealthScale>0.9</baseHealthScale>
            <baseHungerRate>1.1</baseHungerRate>
            <foodType>CarnivoreAnimal</foodType>
            <gestationPeriodDays>45</gestationPeriodDays>
            <meatMarketValue>0.8</meatMarketValue>
            <manhunterOnDamageChance>0.30</manhunterOnDamageChance>
            <manhunterOnTameFailChance>0.02</manhunterOnTameFailChance>
            <!-- HAR eye overlay integration for ZhulXenoType -->
            <alienRace.generalSettings>
              <alienPartGenerator>
                <eyeOffsetSouth>(0, 0)</eyeOffsetSouth>
                <eyeTexPath>Things/Pawn/Humanlike/Heads/EyeOverlays/ZhulAlien_Eyes_South_Overlay_120</eyeTexPath>
                <beardGraphicPaths>
                  <li>Things/Pawn/Humanlike/Hair/Zhul/Beard_ZhulStyleA_south</li>
                  <li>Things/Pawn/Humanlike/Hair/Zhul/Beard_ZhulStyleA_east</li>
                </beardGraphicPaths>
                <beardOffset>
                  <li>
                    <key>South</key>
                    <value>(0, 0, 0)</value>
                  </li>
                  <li>
                    <key>East</key>
                    <value>(0, 0, 0)</value>
                  </li>
                </beardOffset>
              </alienPartGenerator>
            </alienRace.generalSettings>
            <litterSizeCurve>
                <points>
                    <li>(0.5, 0)</li>
                    <li>(1, 1)</li>
                    <li>(1.01, 0.02)</li>
                    <li>(3.5, 0)</li>
                </points>
            </litterSizeCurve>
            <lifeStageAges>
                <li>
                    <def>HumanlikeBaby</def>
                    <minAge>0</minAge>
                </li>
                <li>
                    <def>HumanlikeChild</def>
                    <minAge>3</minAge>
                </li>
                <li>
                    <def>HumanlikeTeenager</def>
                    <minAge>12</minAge>
                </li>
                <li>
                    <def>HumanlikeAdult</def>
                    <minAge>18</minAge>
                </li>
            </lifeStageAges>
            <soundMeleeHitPawn>Pawn_Melee_Punch_HitPawn</soundMeleeHitPawn>
            <soundMeleeHitBuilding>Pawn_Melee_Punch_HitBuilding</soundMeleeHitBuilding>
            <soundMeleeMiss>Pawn_Melee_Punch_Miss</soundMeleeMiss>
            <soundCallInteractionFriendly>Pawn_Call_Friendly</soundCallInteractionFriendly>
            <soundCallInteractionHostile>Pawn_Call_Hostile</soundCallInteractionHostile>
            <soundDeath>Pawn_Death_Human</soundDeath>
            <soundInjured>Pawn_Injured_Human</soundInjured>
            <soundAngry>Pawn_Angry_Human</soundAngry>
            <specialShadowData>
                <volume>(0.3, 0.8, 0.4)</volume>
                <offset>(0,0,-0.3)</offset>
            </specialShadowData>
            <ageGenerationCurve>
                <points>
                    <li>(0.01, 0)</li>
                    <li>(0.999, 0)</li>
                    <li>(1.0, 1)</li>
                    <li>(1.5, 1)</li>
                    <li>(2.0, 0.1)</li>
                    <li>(2.5, 0)</li>
                </points>
            </ageGenerationCurve>
            <hediffGiverSets>
                <li>OrganicStandard</li>
                <li>Human</li>
            </hediffGiverSets>
            <headTypesForGender>
                <Male>
                    <li>ZHUL_Male_Average</li>
                    <li>ZHUL_Male_Narrow</li>
                    <li>Fat_Normal</li>
                    <li>Thin_Normal</li>
                    <li>Hulk_Normal</li>
                </Male>
                <Female>
                    <li>ZHUL_Female_Average</li>
                    <li>ZHUL_Female_Narrow</li>
                    <li>Fat_Normal</li>
                    <li>Thin_Normal</li>
                    <li>Hulk_Normal</li>
                </Female>
            </headTypesForGender>
            <headTypeLinkFlags>
                <li>ZHUL_ONLY</li>
            </headTypeLinkFlags>
            <generalRaceBodyGraphicData>
                <texPath>Things/Pawn/Humanlike/Bodies/ZhulBase</texPath>
                <graphicClass>Graphic_Multi</graphicClass>
                <shaderType>CutoutComplex</shaderType>
                <headOverlayRecords>
                    <li>
                        <headOverlay>Overlay_ZHUL_Moustache</headOverlay>
                        <gender>Male</gender>
                        <offset>-0.025,0</offset>
                    </li>
                </headOverlayRecords>
            </generalRaceBodyGraphicData>
        </race>
        <recipes>
            <li>ExciseCarcinoma</li>
            <li>AdministerMechSerumHealer</li>
            <li>AdministerMechSerumResurrector</li>
            <li>Euthanize</li>
            <li>Anesthetize</li>
        </recipes>
        <statBases>
            <MarketValue>1800</MarketValue>
            <MoveSpeed>3.9</MoveSpeed>
            <Flammability>1.0</Flammability>
            <ComfyTemperatureMin>12</ComfyTemperatureMin>
            <ComfyTemperatureMax>32</ComfyTemperatureMax>
            <LeatherAmount>75</LeatherAmount>
            <RoyalFavorValue>3</RoyalFavorValue>
            <ImmunityGainSpeed>1.05</ImmunityGainSpeed>
            <ToxicResistance>0.5</ToxicResistance>
            <FoodPoisonChanceFixedHuman>0.02</FoodPoisonChanceFixedHuman>
        </statBases>
        <tools>
            <li>
                <label>left fist</label>
                <capacities>
                    <li>Blunt</li>
                </capacities>
                <power>8.2</power>
                <cooldownTime>1.65</cooldownTime>
                <linkedBodyPartsGroup>LeftHand</linkedBodyPartsGroup>
                <surpriseAttack>
                    <extraMeleeDamage>2</extraMeleeDamage>
                </surpriseAttack>
            </li>
            <li>
                <label>right fist</label>
                <capacities>
                    <li>Blunt</li>
                </capacities>
                <power>8.2</power>
                <cooldownTime>1.65</cooldownTime>
                <linkedBodyPartsGroup>RightHand</linkedBodyPartsGroup>
                <surpriseAttack>
                    <extraMeleeDamage>2</extraMeleeDamage>
                </surpriseAttack>
            </li>
        </tools>
    </ThingDef>
</Defs>
