<?xml version="1.0" encoding="utf-8" ?>
<Defs>

  <XenotypeDef>
    <defName>ZHUL_XenoType</defName>
    <label>Zhul</label>
    <description>A savage and insular people with luminous eyes, spiraling beards, and cannibalistic rituals. The Zhul conduct sacred raids under the cover of night, believing they absorb the strength of the souls they consume.</description>
    <displayPriority>800</displayPriority>
    <iconPath>Things/Pawn/Humanlike/Heads/EyeOverlays/zhulalien_eyes_south</iconPath>
    <genes>
      <li>ZHUL_AlienEyes</li>
      <li>ZHUL_BeardCulture</li>
      <li>ZHUL_CannibalNature</li>
      <li>ZHUL_TribalTerror</li>
      <li>ZHUL_NightRaider</li>
      <li>ZHUL_CannibalRitualist</li>
      <li>ZHUL_BloodlustMastery</li> <!-- PATCHED IN -->
    </genes>
    <canGenerate>true</canGenerate>
    <canBePickedByPlayer>true</canBePickedByPlayer>
  </XenotypeDef>

  <!-- 1. Zhul Alien Eyes -->
  <GeneDef>
    <defName>ZHUL_AlienEyes</defName>
    <label>alien eyes</label>
    <description>Zhul have strange, luminous eyes unlike any human. Their gaze is unsettling and marks them as outsiders to all who see them.</description>
    <!-- The following fields are not supported in vanilla RimWorld genes. Keep commented unless HAR/C# used.
         <geneClass>Gene_EyeColor</geneClass>
         <eyeColor>0.5,0.9,0.2,1</eyeColor>
         <graphicData>
           <texPath>Things/Pawn/Humanlike/Heads/EyeOverlays/zhulalien_eyes_south</texPath>
           <drawSize>1.0</drawSize>
         </graphicData>
         <locked>true</locked>
    -->
    <displayCategory>Appearance</displayCategory>
    <iconPath>Things/Pawn/Humanlike/Heads/EyeOverlays/zhulalien_eyes_south</iconPath>
  </GeneDef>

  <!-- 2. Zhul Beard Culture -->
  <GeneDef>
    <defName>ZHUL_BeardCulture</defName>
    <label>beard culture</label>
    <description>This xenotype has an innate cultural connection to elaborate facial hair, automatically displaying beard overlays and receiving social bonuses from grooming rituals.</description>
    <iconPath>UI/Icons/Genes/Gene_Beauty</iconPath>
    <displayOrderInCategory>1000</displayOrderInCategory>
    <biostatCpx>1</biostatCpx>
    <biostatMet>0</biostatMet>
    <symbolPack>
      <prefixSymbols>
        <li>
          <symbol>curled</symbol>
          <weight>1.0</weight>
        </li>
      </prefixSymbols>
    </symbolPack>
    <statOffsets>
      <SocialImpact>0.2</SocialImpact>
      <Beauty>1</Beauty>
    </statOffsets>
    <exclusionTags>
      <li>Beard</li>
    </exclusionTags>
  </GeneDef>

  <!-- 3. Zhul Cannibal Nature -->
  <GeneDef>
    <defName>ZHUL_CannibalNature</defName>
    <label>cannibal nature</label>
    <description>This xenotype has an innate cannibalistic nature, always spawning with the cannibal trait and receiving mood bonuses from consuming human flesh.</description>
    <iconPath>UI/Icons/Genes/Gene_Aggressive</iconPath>
    <displayOrderInCategory>1001</displayOrderInCategory>
    <biostatCpx>2</biostatCpx>
    <biostatMet>1</biostatMet>
    <symbolPack>
      <prefixSymbols>
        <li>
          <symbol>flesh</symbol>
          <weight>1.0</weight>
        </li>
        <li>
          <symbol>bone</symbol>
          <weight>1.0</weight>
        </li>
      </prefixSymbols>
    </symbolPack>
    <forcedTraits>
      <li>
        <def>Cannibal</def>
        <degree>0</degree>
      </li>
    </forcedTraits>
    <!-- The following block is not supported in vanilla RimWorld. Keep commented unless C# is added.
    <conditionalStatAffecters>
      <li Class="ConditionalStatAffecter_InSunlight">
        <statDef>MoodOffset</statDef>
        <statOffset>2</statOffset>
      </li>
    </conditionalStatAffecters>
    -->
    <exclusionTags>
      <li>Cannibalism</li>
    </exclusionTags>
  </GeneDef>

  <!-- 4. Zhul Tribal Terror -->
  <GeneDef>
    <defName>ZHUL_TribalTerror</defName>
    <label>tribal terror</label>
    <description>This xenotype inspires fear in enemies through intimidating presence and ritual displays, providing combat bonuses but making social interactions more volatile.</description>
    <iconPath>UI/Icons/Genes/Gene_Aggressive</iconPath>
    <displayOrderInCategory>1002</displayOrderInCategory>
    <biostatCpx>2</biostatCpx>
    <biostatMet>1</biostatMet>
    <symbolPack>
      <prefixSymbols>
        <li>
          <symbol>terror</symbol>
          <weight>1.0</weight>
        </li>
        <li>
          <symbol>fear</symbol>
          <weight>1.0</weight>
        </li>
      </prefixSymbols>
    </symbolPack>
  </GeneDef>

</Defs>
