<?xml version="1.0" encoding="utf-8"?>
<Defs>
  <!-- Zhul Beard South -->
  <HairDef>
    <defName>ZHUL_BeardSouth</defName>
    <label>zhul beard south</label>
    <hairTags>
      <li>BeardFull</li>
      <li>ZhulOnly</li>
    </hairTags>
    <texPath>Hair/Zhul/Zhul_Beard_South</texPath>
    <styleGender>Male</styleGender>
  </HairDef>

  <!-- Zhul Beard West -->
  <HairDef>
    <defName>ZHUL_BeardWest</defName>
    <label>zhul beard west</label>
    <hairTags>
      <li>BeardFull</li>
      <li>ZhulOnly</li>
    </hairTags>
    <texPath>Hair/Zhul/Zhul_Beard_West</texPath>
    <styleGender>Male</styleGender>
  </HairDef>

  <!-- Zhul Beard East (template, add texture if available) -->
  <HairDef>
    <defName>ZHUL_BeardEast</defName>
    <label>zhul beard east</label>
    <hairTags>
      <li>BeardFull</li>
      <li>ZhulOnly</li>
    </hairTags>
    <texPath>Hair/Zhul/Zhul_Beard_East</texPath>
    <styleGender>Male</styleGender>
  </HairDef>
</Defs>