<?xml version="1.0" encoding="utf-8"?>
<Defs>
  <!-- Zhul Beard South -->
  <HairDef>
    <defName>ZHUL_BeardSouth</defName>
    <label>zhul beard south</label>
    <hairTags>
      <li>BeardFull</li>
      <li>ZhulOnly</li>
    </hairTags>
    <texPath>Things/Pawn/Humanlike/Beards/Zhul/beard_zhulstylea_south</texPath>
    <styleGender>Male</styleGender>
  </HairDef>

  <!-- Zhul Beard West (will auto-flip East) -->
  <HairDef>
    <defName>ZHUL_BeardWest</defName>
    <label>zhul beard west</label>
    <hairTags>
      <li>BeardFull</li>
      <li>ZhulOnly</li>
    </hairTags>
    <texPath>Things/Pawn/Humanlike/Beards/Zhul/beard_zhulstylea_east</texPath>
    <styleGender>Male</styleGender>
  </HairDef>

  <!-- Zhul Beard East (actual east-facing sprite used by RimWorld) -->
  <HairDef>
    <defName>ZHUL_BeardEast</defName>
    <label>zhul beard east</label>
    <hairTags>
      <li>BeardFull</li>
      <li>ZhulOnly</li>
    </hairTags>
    <texPath>Things/Pawn/Humanlike/Beards/Zhul/beard_zhulstylea_east</texPath>
    <styleGender>Male</styleGender>
  </HairDef>
</Defs>