<?xml version="1.0" encoding="utf-8"?>
<Defs>

  <!-- Head overlay definition for the Zhul tribe's curled beard -->
  <HeadOverlayDef>
    <defName>Overlay_ZHUL_Beard</defName>
    <label>curled Zhul beard</label>

    <!-- texture paths (omit .png) -->
    <southPath>Things/Pawn/Humanlike/Beards/Zhul/beard_zhulstylea_south</southPath>
    <!-- northPath omitted: north-facing pawns do not display beard overlays -->
    <eastPath>Things/Pawn/Humanlike/Beards/Zhul/beard_zhulstylea_east</eastPath>
    <!-- west-facing frame is auto-mirrored by RimWorld -->

  </HeadOverlayDef>

</Defs>
