<?xml version="1.0" encoding="utf-8" ?>
<Defs>
  <!-- Zhul Tribal Backstories for Quest Refugees -->
  
  <!-- Childhood Backstories -->
  <BackstoryDef>
    <defName>ZT_ChildhoodBoneGnawer</defName>
    <title>bone gnawer</title>
    <titleShort>gnawer</titleShort>
    <baseDesc>[PAWN_nameDef] grew up in the harsh wastes as part of the Zhul tribe, learning to survive by gnawing marrow from enemy bones and crafting tools from the remains of the devoured. [PAWN_pronoun] spent childhood hours listening to the screams trapped in ritual daggers.</baseDesc>
    <skillGains>
      <Crafting>3</Crafting>
      <Cooking>2</Cooking>
    </skillGains>
    <workDisables>
      <li>None</li>
    </workDisables>
    <slot>Childhood</slot>
    <spawnCategories>
      <li>ZhulTribal</li>
    </spawnCategories>
  </BackstoryDef>

  <BackstoryDef>
    <defName>ZT_ChildhoodSpiritWhisperer</defName>
    <title>spirit whisperer</title>
    <titleShort>whisperer</titleShort>
    <baseDesc>[PAWN_nameDef] was raised among the bone altars of the Zhul, learning to commune with the spirits of devoured enemies. [PAWN_pronoun] studied ancient cannibal rituals and the mystical properties of properly cured human flesh from an early age.</baseDesc>
    <skillGains>
      <Intellectual>4</Intellectual>
      <Social>1</Social>
    </skillGains>
    <workDisables>
      <li>None</li>
    </workDisables>
    <slot>Childhood</slot>
    <spawnCategories>
      <li>ZhulTribal</li>
    </spawnCategories>
  </BackstoryDef>

  <BackstoryDef>
    <defName>ZT_ChildhoodMoustacheKeeper</defName>
    <title>moustache keeper</title>
    <titleShort>keeper</titleShort>
    <baseDesc>[PAWN_nameDef] served as an apprentice to the tribal moustache masters, learning the sacred art of facial hair cultivation and the rituals that bind warrior spirits to their elaborate whiskers. [PAWN_pronoun] memorized countless grooming ceremonies.</baseDesc>
    <skillGains>
      <Social>3</Social>
      <Artistic>2</Artistic>
    </skillGains>
    <workDisables>
      <li>None</li>
    </workDisables>
    <slot>Childhood</slot>
    <spawnCategories>
      <li>ZhulTribal</li>
    </spawnCategories>
  </BackstoryDef>

  <!-- Adult Backstories -->
  <BackstoryDef>
    <defName>ZT_AdulthoodTribalWarrior</defName>
    <title>tribal warrior</title>
    <titleShort>warrior</titleShort>
    <baseDesc>[PAWN_nameDef] served as a feared warrior of the Zhul tribe, leading raids against enemy settlements and perfecting the art of terror through elaborate moustache displays. [PAWN_pronoun] collected the screams of dying foes in ritual bone containers.</baseDesc>
    <skillGains>
      <Melee>5</Melee>
      <Social>2</Social>
    </skillGains>
    <workDisables>
      <li>None</li>
    </workDisables>
    <slot>Adulthood</slot>
    <spawnCategories>
      <li>ZhulTribal</li>
    </spawnCategories>
    <forcedTraits>
      <li>
        <def>Bloodlust</def>
      </li>
    </forcedTraits>
  </BackstoryDef>

  <BackstoryDef>
    <defName>ZT_AdulthoodBoneShaman</defName>
    <title>bone shaman</title>
    <titleShort>shaman</titleShort>
    <baseDesc>[PAWN_nameDef] held the sacred position of bone shaman within the Zhul tribe, interpreting the will of devoured spirits and maintaining the ancient knowledge of cannibalistic rituals. [PAWN_pronoun] could read omens in the patterns of cracked skulls.</baseDesc>
    <skillGains>
      <Intellectual>6</Intellectual>
      <Social>3</Social>
    </skillGains>
    <workDisables>
      <li>None</li>
    </workDisables>
    <slot>Adulthood</slot>
    <spawnCategories>
      <li>ZhulTribal</li>
    </spawnCategories>
    <forcedTraits>
      <li>
        <def>Psychically_Hypersensitive</def>
      </li>
    </forcedTraits>
  </BackstoryDef>

  <BackstoryDef>
    <defName>ZT_AdulthoodFleshCrafter</defName>
    <title>flesh crafter</title>
    <titleShort>crafter</titleShort>
    <baseDesc>[PAWN_nameDef] served as the tribe's master flesh crafter, transforming the bodies of enemies into useful tools, clothing, and ritual implements. [PAWN_pronoun] knew hundreds of recipes for preparing different types of humanlike meat for both sustenance and ceremony.</baseDesc>
    <skillGains>
      <Crafting>6</Crafting>
      <Cooking>4</Cooking>
    </skillGains>
    <workDisables>
      <li>None</li>
    </workDisables>
    <slot>Adulthood</slot>
    <spawnCategories>
      <li>ZhulTribal</li>
    </spawnCategories>
    <forcedTraits>
      <li>
        <def>Cannibal</def>
      </li>
    </forcedTraits>
  </BackstoryDef>

</Defs>