<?xml version="1.0" encoding="utf-8" ?>
<Defs>
  <GeneDef>
    <defName>ZHUL_AlienEyes</defName>
    <label>alien eyes</label>
    <description>Zhul have strange, luminous eyes unlike any human. Their gaze is unsettling and marks them as outsiders to all who see them.</description>
    <displayCategory>Appearance</displayCategory>
    <iconPath>Things/Pawn/Humanlike/Heads/EyeOverlays/zhulalien_eyes_south</iconPath>
  </GeneDef>
  <GeneDef>
    <defName>ZHUL_BeardCulture</defName>
    <label>beard culture</label>
    <description>This xenotype has an innate cultural connection to elaborate facial hair, automatically displaying beard overlays and receiving social bonuses from grooming rituals.</description>
    <iconPath>UI/Icons/Genes/Gene_Beauty</iconPath>
    <displayOrderInCategory>1000</displayOrderInCategory>
    <biostatCpx>1</biostatCpx>
    <biostatMet>0</biostatMet>
    <symbolPack>
      <prefixSymbols>
        <li>
          <symbol>curled</symbol>
          <weight>1.0</weight>
        </li>
      </prefixSymbols>
    </symbolPack>
    <statOffsets>
      <SocialImpact>0.2</SocialImpact>
      <Beauty>1</Beauty>
    </statOffsets>
    <exclusionTags>
      <li>Beard</li>
    </exclusionTags>
  </GeneDef>
  <GeneDef>
    <defName>ZHUL_CannibalNature</defName>
    <label>cannibal nature</label>
    <description>This xenotype has an innate cannibalistic nature, always spawning with the cannibal trait and receiving mood bonuses from consuming human flesh.</description>
    <iconPath>UI/Icons/Genes/Gene_Aggressive</iconPath>
    <displayOrderInCategory>1001</displayOrderInCategory>
    <biostatCpx>2</biostatCpx>
    <biostatMet>1</biostatMet>
    <symbolPack>
      <prefixSymbols>
        <li>
          <symbol>flesh</symbol>
          <weight>1.0</weight>
        </li>
        <li>
          <symbol>bone</symbol>
          <weight>1.0</weight>
        </li>
      </prefixSymbols>
    </symbolPack>
    <forcedTraits>
      <li>
        <def>Cannibal</def>
        <degree>0</degree>
      </li>
    </forcedTraits>
    <exclusionTags>
      <li>Cannibalism</li>
    </exclusionTags>
  </GeneDef>
  <GeneDef>
    <defName>ZHUL_TribalTerror</defName>
    <label>tribal terror</label>
    <description>This xenotype inspires fear in enemies through intimidating presence and ritual displays, providing combat bonuses but making social interactions more volatile.</description>
    <iconPath>UI/Icons/Genes/Gene_Aggressive</iconPath>
    <displayOrderInCategory>1002</displayOrderInCategory>
    <biostatCpx>2</biostatCpx>
    <biostatMet>1</biostatMet>
    <symbolPack>
      <prefixSymbols>
        <li>
          <symbol>terror</symbol>
          <weight>1.0</weight>
        </li>
        <li>
          <symbol>fear</symbol>
          <weight>1.0</weight>
        </li>
      </prefixSymbols>
    </symbolPack>
  </GeneDef>
  <GeneDef>
    <defName>ZHUL_NightRaider</defName>
    <label>night raider</label>
    <description>This gene grants night vision, resistance to fatigue at night, and combat bonuses during night raids. The Zhul are in their element when the sun sets.</description>
    <geneClass>ZhulTribe.Genes.Gene_NightRaider</geneClass>
    <iconPath>UI/Icons/Genes/Gene_NightOwl</iconPath>
    <displayOrderInCategory>1003</displayOrderInCategory>
    <biostatCpx>1</biostatCpx>
    <biostatMet>2</biostatMet>
    <symbolPack>
      <prefixSymbols>
        <li>
          <symbol>moon</symbol>
          <weight>1.0</weight>
        </li>
        <li>
          <symbol>darkness</symbol>
          <weight>1.0</weight>
        </li>
      </prefixSymbols>
    </symbolPack>
  </GeneDef>
  <GeneDef>
    <defName>ZHUL_CannibalRitualist</defName>
    <label>cannibal ritualist</label>
    <description>This gene empowers the Zhul during sacred cannibal feasts, granting mood and stat bonuses when consuming humanlike flesh at the ritual altar.</description>
    <geneClass>ZhulTribe.Genes.Gene_CannibalRitualist</geneClass>
    <iconPath>UI/Icons/Genes/Gene_Cannibal</iconPath>
    <displayOrderInCategory>1004</displayOrderInCategory>
    <biostatCpx>2</biostatCpx>
    <biostatMet>2</biostatMet>
    <symbolPack>
      <prefixSymbols>
        <li>
          <symbol>skull</symbol>
          <weight>1.0</weight>
        </li>
        <li>
          <symbol>feast</symbol>
          <weight>1.0</weight>
        </li>
      </prefixSymbols>
    </symbolPack>
  </GeneDef>
  <GeneDef>
    <defName>ZHUL_BloodlustMastery</defName>
    <label>Bloodlust Mastery</label>
    <description>This gene awakens the Zhul's ancient bloodlust. After 100 humanlike kills, the pawn receives a permanent mastery mood and combat boost.</description>
    <geneClass>ZhulTribe.Genes.Gene_BloodlustMastery</geneClass>
    <iconPath>UI/Icons/Genes/Gene_Bloodlust</iconPath>
    <displayOrderInCategory>1010</displayOrderInCategory>
    <biostatCpx>2</biostatCpx>
    <biostatMet>2</biostatMet>
    <symbolPack>
      <prefixSymbols>
        <li>
          <symbol>blood</symbol>
          <weight>1.0</weight>
        </li>
        <li>
          <symbol>skull</symbol>
          <weight>1.0</weight>
        </li>
      </prefixSymbols>
    </symbolPack>
  </GeneDef>

  <!-- PATCH: Night Vision Plus -->
  <GeneDef>
    <defName>ZHUL_NightVisionPlus</defName>
    <label>Night Vision Plus</label>
    <description>
      This gene grants the Zhul exceptional prowess at night and in darkness: +25% ranged accuracy, +25% stealth, +40% melee hit chance, +25% melee DPS at night or in low light, double vision range during eclipses or solar flares, and a unique mood buff ("Enjoying Chaos") when the world is in turmoil.
    </description>
    <geneClass>ZhulTribe.Genes.Gene_NightVisionPlus</geneClass>
    <iconPath>UI/Icons/Genes/Gene_NightVision</iconPath>
    <displayOrderInCategory>1011</displayOrderInCategory>
    <biostatCpx>3</biostatCpx>
    <biostatMet>2</biostatMet>
    <statOffsets>
      <ShootingAccuracyPawn>0.25</ShootingAccuracyPawn>
      <Pawn_StalkingAbility>0.25</Pawn_StalkingAbility>
      <MeleeHitChance>0.40</MeleeHitChance>
      <MeleeDPS>0.25</MeleeDPS>
    </statOffsets>
    <symbolPack>
      <prefixSymbols>
        <li>
          <symbol>night</symbol>
          <weight>1.0</weight>
        </li>
        <li>
          <symbol>vision</symbol>
          <weight>1.0</weight>
        </li>
      </prefixSymbols>
    </symbolPack>
    <exclusionTags>
      <li>NightVision</li>
    </exclusionTags>
  </GeneDef>
</Defs>
