<?xml version="1.0" encoding="utf-8"?>
<Defs>
    <!-- Zhul Female Head Types -->
    <HeadTypeDef>
        <defName>ZHUL_Female_Average</defName>
        <label>Zhul female average</label>
        <graphicPath>Things/Pawn/Humanlike/Heads/Zhul/Female_Average</graphicPath>
        <gender>Female</gender>
        <selectionWeight>100</selectionWeight>
        <linkFlags>
            <li>ZHUL_ONLY</li>
        </linkFlags>
    </HeadTypeDef>
    
    <HeadTypeDef>
        <defName>ZHUL_Female_Narrow</defName>
        <label>Zhul female narrow</label>
        <graphicPath>Things/Pawn/Humanlike/Heads/Zhul/Female_Narrow</graphicPath>
        <gender>Female</gender>
        <selectionWeight>100</selectionWeight>
        <linkFlags>
            <li>ZHUL_ONLY</li>
        </linkFlags>
    </HeadTypeDef>

    <!-- Zhul Female Narrow East-facing Head Type -->
    <HeadTypeDef>
        <defName>ZhulHeadFemaleNarrowEast</defName>
        <label>Zhul female narrow east</label>
        <graphicPath>Things/Pawn/Humanlike/Heads/Zhul/Female_Narrow_East</graphicPath>
        <gender>Female</gender>
        <bodyType>FemaleNarrow</bodyType>
        <selectionWeight>100</selectionWeight>
        <linkFlags>
            <li>ZHUL_ONLY</li>
        </linkFlags>
    </HeadTypeDef>

    <!-- Zhul Male Head Types (Clean for facial hair overlay) -->
    <HeadTypeDef>
        <defName>ZHUL_Male_Average</defName>
        <label>Zhul male average</label>
        <graphicPath>Things/Pawn/Humanlike/Heads/Zhul/Male_Average</graphicPath>
        <gender>Male</gender>
        <selectionWeight>100</selectionWeight>
        <linkFlags>
            <li>ZHUL_ONLY</li>
        </linkFlags>
    </HeadTypeDef>
    
    <HeadTypeDef>
        <defName>ZHUL_Male_Narrow</defName>
        <label>Zhul male narrow</label>
        <graphicPath>Things/Pawn/Humanlike/Heads/Zhul/Male_Narrow</graphicPath>
        <gender>Male</gender>
        <selectionWeight>100</selectionWeight>
        <linkFlags>
            <li>ZHUL_ONLY</li>
        </linkFlags>
    </HeadTypeDef>
</Defs>