<?xml version="1.0" encoding="utf-8" ?>
<Defs>
  <!-- Zhul Status Effects and Hediffs -->

  <!-- Cursed Beard Hediff -->
  <HediffDef>
    <defName>ZHUL_CursedBeard</defName>
    <label>cursed beard</label>
    <description>This character's beard has become possessed by malevolent spirits. The facial hair writhes with dark energy and whispers forbidden secrets.</description>
    <hediffClass>HediffWithComps</hediffClass>
    <defaultLabelColor>(139, 0, 0)</defaultLabelColor>
    <maxSeverity>1.0</maxSeverity>
    <tendable>false</tendable>
    <chronic>true</chronic>
    <stages>
      <li>
        <label>cursed</label>
        <mentalStateGivers>
          <li>
            <mentalState>Berserk</mentalState>
            <mtbDays>15</mtbDays>
          </li>
          <li>
            <mentalState>Wander_Psychotic</mentalState>
            <mtbDays>20</mtbDays>
          </li>
        </mentalStateGivers>
        <statOffsets>
          <SocialImpact>-0.3</SocialImpact>
          <PsychicSensitivity>0.5</PsychicSensitivity>
        </statOffsets>
        <capMods>
          <li>
            <capacity>Consciousness</capacity>
            <offset>-0.1</offset>
          </li>
        </capMods>
      </li>
    </stages>
    <comps>
      <li Class="HediffCompProperties_SeverityPerDay">
        <severityPerDay>0.05</severityPerDay>
      </li>
      <li Class="HediffCompProperties_Discoverable">
        <sendLetterWhenDiscovered>true</sendLetterWhenDiscovered>
        <letterLabel>Cursed Beard</letterLabel>
        <letterText>{PAWN_nameDef}'s beard has become cursed by dark spirits. The condition grows worse each day.</letterText>
        <letterType>ThreatSmall</letterType>
      </li>
    </comps>
  </HediffDef>

  <!-- Beard Enhancement -->
  <HediffDef>
    <defName>ZHUL_BeardEnhancement</defName>
    <label>enhanced beard</label>
    <description>This character's beard has been enhanced through ritual oils and spiritual practices, granting supernatural grooming abilities.</description>
    <hediffClass>Hediff_Level</hediffClass>
    <defaultLabelColor>(255, 215, 0)</defaultLabelColor>
    <maxSeverity>3.0</maxSeverity>
    <tendable>false</tendable>
    <chronic>true</chronic>
    <stages>
      <li>
        <minSeverity>0.5</minSeverity>
        <label>enhanced</label>
        <statOffsets>
          <SocialImpact>0.2</SocialImpact>
          <Beauty>1</Beauty>
        </statOffsets>
      </li>
      <li>
        <minSeverity>1.5</minSeverity>
        <label>magnificent</label>
        <statOffsets>
          <SocialImpact>0.4</SocialImpact>
          <Beauty>2</Beauty>
          <NegotiationAbility>0.1</NegotiationAbility>
        </statOffsets>
      </li>
      <li>
        <minSeverity>2.5</minSeverity>
        <label>legendary</label>
        <statOffsets>
          <SocialImpact>0.6</SocialImpact>
          <Beauty>3</Beauty>
          <NegotiationAbility>0.2</NegotiationAbility>
          <ConversionPower>0.3</ConversionPower>
        </statOffsets>
      </li>
    </stages>
    <comps>
      <li Class="HediffCompProperties_Disappears">
        <disappearsAfterTicks>6000000</disappearsAfterTicks>
      </li>
    </comps>
  </HediffDef>

  <!-- Spiral Oil Intoxication -->
  <HediffDef>
    <defName>ZT_SpiralOilIntoxication</defName>
    <label>spiral oil intoxication</label>
    <description>This character has been exposed to too much mystical spiral oil, causing spiritual euphoria but also dangerous side effects.</description>
    <hediffClass>HediffWithComps</hediffClass>
    <defaultLabelColor>(126, 65, 128)</defaultLabelColor>
    <maxSeverity>1.0</maxSeverity>
    <tendable>true</tendable>
    <stages>
      <li>
        <minSeverity>0.0</minSeverity>
        <label>euphoric</label>
        <statOffsets>
          <MoveSpeed>0.2</MoveSpeed>
          <WorkSpeedGlobal>0.1</WorkSpeedGlobal>
        </statOffsets>
        <capMods>
          <li>
            <capacity>Consciousness</capacity>
            <offset>0.1</offset>
          </li>
        </capMods>
      </li>
      <li>
        <minSeverity>0.6</minSeverity>
        <label>overexposed</label>
        <statOffsets>
          <MoveSpeed>-0.1</MoveSpeed>
        </statOffsets>
        <mentalStateGivers>
          <li>
            <mentalState>Wander_OwnRoom</mentalState>
            <mtbDays>5</mtbDays>
          </li>
        </mentalStateGivers>
      </li>
    </stages>
    <comps>
      <li Class="HediffCompProperties_SeverityPerDay">
        <severityPerDay>-0.2</severityPerDay>
      </li>
    </comps>
  </HediffDef>

  <!-- Bone Whispers -->
  <HediffDef>
    <defName>ZT_BoneWhispers</defName>
    <label>bone whispers</label>
    <description>This character can hear the whispers of spirits trapped in bone artifacts, granting supernatural insight but sometimes driving them to distraction.</description>
    <hediffClass>HediffWithComps</hediffClass>
    <defaultLabelColor>(240, 240, 220)</defaultLabelColor>
    <maxSeverity>1.0</maxSeverity>
    <tendable>false</tendable>
    <chronic>true</chronic>
    <stages>
      <li>
        <label>hearing whispers</label>
        <statOffsets>
          <ResearchSpeed>0.2</ResearchSpeed>
          <GlobalLearningFactor>0.1</GlobalLearningFactor>
        </statOffsets>
        <mentalStateGivers>
          <li>
            <mentalState>Wander_Psychotic</mentalState>
            <mtbDays>30</mtbDays>
          </li>
        </mentalStateGivers>
      </li>
    </stages>
    <comps>
      <li Class="HediffCompProperties_Discoverable">
        <sendLetterWhenDiscovered>true</sendLetterWhenDiscovered>
        <letterLabel>Bone Whispers</letterLabel>
        <letterText>{PAWN_nameDef} has begun hearing whispers from the spirits trapped in bone artifacts. This grants unusual insights but may be dangerous.</letterText>
        <letterType>NeutralEvent</letterType>
      </li>
    </comps>
  </HediffDef>

  <!-- Terror Aura -->
  <HediffDef>
    <defName>ZT_TerrorAura</defName>
    <label>terror aura</label>
    <description>This character radiates an aura of primal fear that affects all who encounter them. Enemies are more likely to flee, but allies may also be unsettled.</description>
    <hediffClass>HediffWithComps</hediffClass>
    <defaultLabelColor>(80, 0, 0)</defaultLabelColor>
    <maxSeverity>1.0</maxSeverity>
    <tendable>false</tendable>
    <chronic>true</chronic>
    <stages>
      <li>
        <label>terrifying presence</label>
        <statOffsets>
          <MeleeDodgeChance>0.15</MeleeDodgeChance>
          <ArrestSuccessChance>0.3</ArrestSuccessChance>
          <SocialImpact>-0.2</SocialImpact>
        </statOffsets>
      </li>
    </stages>
  </HediffDef>

  <!-- Ancestral Connection -->
  <HediffDef>
    <defName>ZT_AncestralConnection</defName>
    <label>ancestral connection</label>
    <description>This character has forged a spiritual connection with ancient Zhul ancestors, granting them access to forgotten knowledge and techniques.</description>
    <hediffClass>HediffWithComps</hediffClass>
    <defaultLabelColor>(126, 65, 128)</defaultLabelColor>
    <maxSeverity>1.0</maxSeverity>
    <tendable>false</tendable>
    <chronic>true</chronic>
    <stages>
      <li>
        <label>connected to ancestors</label>
        <statOffsets>
          <CraftingSpeed>0.3</CraftingSpeed>
          <ResearchSpeed>0.2</ResearchSpeed>
          <SculptingSpeed>0.4</SculptingSpeed>
          <PsychicSensitivity>0.2</PsychicSensitivity>
        </statOffsets>
        <capMods>
          <li>
            <capacity>Consciousness</capacity>
            <offset>0.05</offset>
          </li>
        </capMods>
      </li>
    </stages>
    <comps>
      <li Class="HediffCompProperties_Discoverable">
        <sendLetterWhenDiscovered>true</sendLetterWhenDiscovered>
        <letterLabel>Ancestral Connection</letterLabel>
        <letterText>{PAWN_nameDef} has formed a spiritual connection with ancient Zhul ancestors. They now have access to forgotten knowledge and techniques.</letterText>
        <letterType>PositiveEvent</letterType>
      </li>
    </comps>
  </HediffDef>

  <!-- Beard Oil High -->
  <HediffDef>
    <defName>ZT_BeardOilHigh</defName>
    <label>beard oil</label>
    <description>Sacred grooming oil coursing through the body. Enhances spiritual connection and social presence.</description>
    <hediffClass>HediffWithComps</hediffClass>
    <defaultLabelColor>(0.54, 0.78, 0.64)</defaultLabelColor>
    <scenarioCanAdd>true</scenarioCanAdd>
    <maxSeverity>1.0</maxSeverity>
    <isBad>false</isBad>
    <comps>
      <li Class="HediffCompProperties_SeverityPerDay">
        <severityPerDay>-0.5</severityPerDay>
        <showHoursToRecover>true</showHoursToRecover>
      </li>
    </comps>
    <stages>
      <li>
        <statOffsets>
          <SocialImpact>0.25</SocialImpact>
          <NegotiationAbility>0.15</NegotiationAbility>
        </statOffsets>
      </li>
    </stages>
  </HediffDef>

  <!-- Night Combat Buff (used by Gene_NightRaider) -->
  <HediffDef>
    <defName>Zhul_Hediff_NightCombatBuff</defName>
    <label>ritual night trance</label>
    <description>This pawn enters a focused trance state after sunset, guided by ancestral instincts honed through generations of night raids. Their movements are sharper, aim steadier, and awareness heightened until dawn.</description>
    <hediffClass>Hediff</hediffClass>
    <isBad>false</isBad>
    <stages>
      <li>
        <statOffsets>
          <MeleeHitChance>0.25</MeleeHitChance>
          <ShootingAccuracyPawn>0.25</ShootingAccuracyPawn>
        </statOffsets>
      </li>
    </stages>
  </HediffDef>

  <!-- Cannibal Ritual Empowerment (used by Gene_CannibalRitualist) -->
  <HediffDef>
    <defName>Zhul_Hediff_CannibalRitualEmpowerment</defName>
    <label>ritual flesh empowerment</label>
    <description>Having consumed sacred humanlike flesh during a ritual, this pawn is momentarily empowered by ancestral energy. Their presence is more commanding and their aura intensified.</description>
    <hediffClass>Hediff</hediffClass>
    <isBad>false</isBad>
    <stages>
      <li>
        <statOffsets>
          <SocialImpact>0.3</SocialImpact>
          <PsychicSensitivity>0.1</PsychicSensitivity>
        </statOffsets>
      </li>
    </stages>
  </HediffDef>

  <!-- Bloodlust Mastery (Permanent visible buff after 100 humanlike kills) -->
  <HediffDef>
    <defName>Zhul_Hediff_BloodlustMastery</defName>
    <label>Bloodlust Mastery</label>
    <description>Having slain 100 foes, this pawn radiates raw, predatory confidence. Their bloodlust is legendary, and their presence inspires awe and fear alike.</description>
    <hediffClass>Hediff</hediffClass>
    <isBad>false</isBad>
    <stages>
      <li>
        <statOffsets>
          <Mood>35</Mood>
          <MeleeSkill>5</MeleeSkill>
        </statOffsets>
      </li>
    </stages>
    <tendable>false</tendable>
    <scenarioCanAdd>false</scenarioCanAdd>
    <chronic>true</chronic>
    <defaultLabelColor>(186, 17, 38)</defaultLabelColor>
  </HediffDef>

  <!-- Cannibalistic Urges (Debuff applied if no humanlike meat is consumed) -->
  <HediffDef>
    <defName>Zhul_Hediff_CannibalisticUrges</defName>
    <label>Cannibalistic Urges</label>
    <description>This pawn is suffering intense cravings for humanlike flesh. The longer they go without it, the worse their mental state becomes.</description>
    <hediffClass>Hediff</hediffClass>
    <isBad>true</isBad>
    <stages>
      <li>
        <statOffsets>
          <Mood>-15</Mood>
        </statOffsets>
      </li>
    </stages>
    <tendable>false</tendable>
    <chronic>true</chronic>
    <defaultLabelColor>(155, 17, 48)</defaultLabelColor>
  </HediffDef>

  <!-- Night Vision Plus Buff (applied by ZHUL_NightVisionPlus gene at night or in low light) -->
  <HediffDef>
    <defName>Zhul_Hediff_NightVisionPlusBuff</defName>
    <label>night hunter trance</label>
    <description>
      This pawn is empowered by the darkness, gaining exceptional vision, stealth, and combat ability.
    </description>
    <hediffClass>Hediff</hediffClass>
    <isBad>false</isBad>
    <stages>
      <li>
        <statOffsets>
          <ShootingAccuracyPawn>0.25</ShootingAccuracyPawn>
          <Pawn_StalkingAbility>0.25</Pawn_StalkingAbility>
          <MeleeHitChance>0.40</MeleeHitChance>
          <MeleeDPS>0.25</MeleeDPS>
        </statOffsets>
      </li>
    </stages>
    <tendable>false</tendable>
    <chronic>true</chronic>
    <defaultLabelColor>(100, 149, 237)</defaultLabelColor>
  </HediffDef>

  <!-- Enjoying Chaos (moodlet during eclipse/solar flare, applied by gene) -->
  <HediffDef>
    <defName>Zhul_Hediff_EnjoyingChaos</defName>
    <label>Enjoying Chaos</label>
    <description>
      This pawn feels a primal thrill during eclipses or solar flares, reveling in the disruption and confusion.
    </description>
    <hediffClass>Hediff</hediffClass>
    <isBad>false</isBad>
    <stages>
      <li>
        <statOffsets>
          <Mood>16</Mood>
        </statOffsets>
      </li>
    </stages>
    <tendable>false</tendable>
    <chronic>false</chronic>
    <defaultLabelColor>(255, 215, 0)</defaultLabelColor>
  </HediffDef>
</Defs>

